{
    "ItemFn": 0.00040404040404040404,
    "Expr": 3.219471362802228e-05,
    "ExprMethodCall": 4.753755466818787e-05,
    "ExprCall": 8.688852202624034e-05,
    "ExprClosure": 0.0002538071065989848,
    "ExprBlock": 5.189144310103264e-05,
    "Local": 2.215919163268924e-05,
    "Some": 6.278252134605726e-05,
    "Ident": 2.762125731963319e-05,
    "Path": 2.6005096999011805e-05,
    "ExprPath": 8.470269354565475e-05,
    "PathSegment": 4.312017593031779e-05,
    "ExprTry": 0.00034746351633078526,
    "ExprMatch": 4.642741074330285e-05,
    "Arm": 2.917552873351947e-06,
    "PatTupleStruct": 0.00036683785766691124,
    "PatIdent": 0.00032,
    "PatTuple": 0.0005353319057815846,
    "PatWild": 0.0034129692832764505,
    "Lit": 0.0002841716396703609,
    "ExprLit": 0.00048192771084337347,
    "LitStr": 0.0008605851979345956,
    "ExprTuple": 0.0029585798816568047,
    "ExprIf": 0.00010456969570218551,
    "ItemEnum": 0.004219409282700422,
    "VisPublic": 0.004032258064516129,
    "Variant": 0.0036496350364963502,
    "FieldsUnnamed": 0.010416666666666666,
    "Field": 0.00016880486158001352,
    "TypePath": 0.0002964719833975689,
    "Generics": 0.0017953321364452424,
    "AngleBracketedGenericArguments": 0.00076103500761035,
    "Type": 0.00030039050765995795,
    "Attribute": 0.00016784155756965425,
    "ItemStruct": 0.001282051282051282,
    "FieldsNamed": 0.0013422818791946308,
    "ItemUse": 0.0012062726176115801,
    "UsePath": 0.0007122507122507123,
    "ItemImpl": 0.0003104625892579944,
    "ImplItemMethod": 0.00011767474699929395,
    "TypeTuple": 0.007246376811594203,
    "ExprStruct": 0.0002403846153846154,
    "FieldValue": 9.211495946941784e-05,
    "TypeReference": 0.0017699115044247787,
    "ExprField": 0.00029403116730373417,
    "PatPath": 0.0028653295128939827,
    "WhereClause": 0.004694835680751174,
    "PredicateType": 0.004672897196261682,
    "TraitBound": 0.0035087719298245615,
    "ParenthesizedGenericArguments": 0.015384615384615385,
    "TypeSlice": 0.0625,
    "TypeParam": 0.005952380952380952,
    "MethodTurbofish": 0.013157894736842105,
    "TypeImplTrait": 0.01818181818181818,
    "ExprUnary": 0.002053388090349076,
    "Macro": 0.00040048057669203043,
    "ExprMacro": 0.0009930486593843098,
    "PatLit": 0.001557632398753894,
    "ExprCast": 0.0026109660574412533,
    "LitInt": 0.0029154518950437317,
    "ItemStatic": 0.022222222222222223,
    "Unsafe": 0.0014084507042253522,
    "ExprUnsafe": 0.002777777777777778,
    "ItemType": 0.0196078431372549,
    "ExprBinary": 0.0005780346820809249,
    "ExprReturn": 0.002012072434607646,
    "TypePtr": 0.018518518518518517,
    "TypeInfer": 0.022222222222222223,
    "LitBool": 0.0034602076124567475,
    "ExprLoop": 0.0022123893805309734,
    "ItemMacro": 0.004608294930875576,
    "ExprParen": 0.003663003663003663,
    "Index": 0.004878048780487805,
    "ExprIndex": 0.009433962264150943,
    "ExprRange": 0.0136986301369863,
    "ExprAssign": 0.00041841004184100416,
    "Lifetime": 0.002242152466367713,
    "TypeTraitObject": 0.015873015873015872,
    "ExprBreak": 0.05263157894736842,
    "ExprRepeat": 0.5,
    "ExprArray": 0.007692307692307693,
    "ExprWhile": 0.0035087719298245615,
    "ExprForLoop": 0.0004033884630899556,
    "ExprContinue": 0.05,
    "VisRestricted": 0.023255813953488372,
    "PatStruct": 0.0011061946902654867,
    "TypeParen": 0.1,
    "ImplItemType": 0.012048192771084338,
    "Abi": 0.5,
    "ItemTrait": 0.013157894736842105,
    "TraitItemMethod": 0.009259259259259259,
    "TraitItemType": 0.5,
    "ExprAssignOp": 0.017857142857142856,
    "LifetimeDef": 0.02,
    "TypeArray": 0.16666666666666666,
    "FieldPat": 0.00145985401459854,
    "ItemMod": 0.0018248175182481751,
    "LitChar": 0.0035714285714285713,
    "UseGlob": 0.043478260869565216,
    "QSelf": 0.125,
    "Binding": 0.011764705882352941,
    "ItemConst": 0.125,
    "ImplItemMacro": 0.14285714285714285,
    "Stmt": 1.0,
    "PatMacro": 0.5,
    "BoundLifetimes": 1.0,
    "TypeBareFn": 0.3333333333333333,
    "BareFnArg": 0.25,
    "Meta": 0.16666666666666666,
    "AttrStyle": 1,
    "BareFnArgName": 1,
    "BinOp": 1,
    "Fields": 1,
    "FloatSuffix": 1,
    "FnArg": 1,
    "ForeignItem": 1,
    "GenericArgument": 1,
    "GenericMethodArgument": 1,
    "GenericParam": 1,
    "ImplItem": 1,
    "IntSuffix": 1,
    "MacroDelimiter": 1,
    "Member": 1,
    "NestedMeta": 1,
    "Pat": 1,
    "PathArguments": 1,
    "RangeLimits": 1,
    "ReturnType": 1,
    "StrStyle": 1,
    "TraitBoundModifier": 1,
    "TraitItem": 1,
    "TypeParamBound": 1,
    "UnOp": 1,
    "UseTree": 1,
    "Visibility": 1,
    "WherePredicate": 1,
    "ArgCaptured": 1,
    "ArgSelf": 1,
    "ArgSelfRef": 1,
    "ConstParam": 1,
    "DataEnum": 1,
    "DataStruct": 1,
    "ExprAddrOf": 1,
    "ExprBox": 1,
    "ExprCatch": 1,
    "ExprGroup": 1,
    "ExprIfLet": 1,
    "ExprInPlace": 1,
    "ExprType": 1,
    "ExprVerbatim": 1,
    "ExprWhileLet": 1,
    "ExprYield": 1,
    "FnDecl": 1,
    "ForeignItemFn": 1,
    "ForeignItemStatic": 1,
    "ForeignItemType": 1,
    "ForeignItemVerbatim": 1,
    "ImplGenerics": 1,
    "ImplItemConst": 1,
    "ImplItemVerbatim": 1,
    "ItemExternCrate": 1,
    "ItemForeignMod": 1,
    "ItemMacro2": 1,
    "Label": 1,
    "LitByte": 1,
    "LitByteStr": 1,
    "LitFloat": 1,
    "LitVerbatim": 1,
    "MetaList": 1,
    "MetaNameValue": 1,
    "MethodSig": 1,
    "PatBox": 1,
    "PatRange": 1,
    "PatRef": 1,
    "PatSlice": 1,
    "PatVerbatim": 1,
    "PathTokens": 1,
    "PredicateEq": 1,
    "PredicateLifetime": 1,
    "TraitItemConst": 1,
    "TraitItemMacro": 1,
    "TraitItemVerbatim": 1,
    "Turbofish": 1,
    "TypeGenerics": 1,
    "TypeGroup": 1,
    "TypeMacro": 1,
    "TypeNever": 1,
    "TypeVerbatim": 1,
    "UseList": 1,
    "VisCrate": 1,
    "ExprReference": 1,
    "Deref": 1,
    "Ref": 1,
    "by_ref": 1,
    "AsRef": 1,
    "as_ref": 1,
    "AsMut": 1,
    "as_mut": 1,
    "Box": 1,
    "RefMut": 1,
    "RefCell": 1,
    "Rc": 1,
    "Mut": 1,
    "capture": 1,
    "clone": 1
}